/*
SQLyog 企业版 - MySQL GUI v8.14 
MySQL - 5.5.5-10.2.14-MariaDB : Database - light
*********************************************************************
*/

/*!40101 SET NAMES utf8 */;

/*!40101 SET SQL_MODE=''*/;

/*!40014 SET @OLD_UNIQUE_CHECKS=@@UNIQUE_CHECKS, UNIQUE_CHECKS=0 */;
/*!40014 SET @OLD_FOREIGN_KEY_CHECKS=@@FOREIGN_KEY_CHECKS, FOREIGN_KEY_CHECKS=0 */;
/*!40101 SET @OLD_SQL_MODE=@@SQL_MODE, SQL_MODE='NO_AUTO_VALUE_ON_ZERO' */;
/*!40111 SET @OLD_SQL_NOTES=@@SQL_NOTES, SQL_NOTES=0 */;
CREATE DATABASE /*!32312 IF NOT EXISTS*/`light` /*!40100 DEFAULT CHARACTER SET utf8 */;

USE `light`;

/*Table structure for table `admin` */

DROP TABLE IF EXISTS `admin`;

CREATE TABLE `admin` (
  `aId` int(11) NOT NULL AUTO_INCREMENT,
  `name` varchar(20) DEFAULT NULL,
  `pwd` varchar(30) DEFAULT NULL,
  `role` int(4) DEFAULT NULL,
  PRIMARY KEY (`aId`)
) ENGINE=InnoDB AUTO_INCREMENT=2 DEFAULT CHARSET=utf8;

/*Data for the table `admin` */

insert  into `admin`(`aId`,`name`,`pwd`,`role`) values (1,'admin','123456',1);

/*Table structure for table `order_detail` */

DROP TABLE IF EXISTS `order_detail`;

CREATE TABLE `order_detail` (
  `dId` int(11) NOT NULL AUTO_INCREMENT,
  `oId` int(11) NOT NULL,
  `pId` int(11) DEFAULT NULL,
  `num` int(11) DEFAULT NULL,
  PRIMARY KEY (`dId`)
) ENGINE=InnoDB AUTO_INCREMENT=24 DEFAULT CHARSET=utf8;

/*Data for the table `order_detail` */

insert  into `order_detail`(`dId`,`oId`,`pId`,`num`) values (1,4,1,1),(2,3,3,2),(3,4,2,2),(4,5,3,1),(5,6,3,1),(6,7,3,1),(7,8,4,1),(8,9,3,1),(9,10,4,1),(10,11,4,1),(11,12,8,4),(12,1,37,6),(13,13,8,4),(14,13,37,6),(15,13,3,2),(16,14,12,3),(17,15,16,3),(18,16,10,6),(19,17,36,1),(20,18,3,5),(21,19,19,3),(22,20,2,1),(23,20,1,3);

/*Table structure for table `order_info` */

DROP TABLE IF EXISTS `order_info`;

CREATE TABLE `order_info` (
  `oId` int(11) NOT NULL AUTO_INCREMENT,
  `id` int(11) DEFAULT NULL,
  `status` varchar(16) DEFAULT NULL,
  `ordertime` varchar(255) DEFAULT NULL,
  PRIMARY KEY (`oId`),
  KEY `FK_Renference_2` (`id`),
  CONSTRAINT `FK_Renference_2` FOREIGN KEY (`id`) REFERENCES `user` (`id`)
) ENGINE=InnoDB AUTO_INCREMENT=22 DEFAULT CHARSET=utf8;

/*Data for the table `order_info` */

insert  into `order_info`(`oId`,`id`,`status`,`ordertime`) values (1,8,'已提交','2019-01-09 12:14:25'),(3,1,'已发货','2019-02-05 16:15:56'),(4,1,'已发货','2019-02-05 17:00:09'),(5,2,'交易完成','2019-02-05 17:14:30'),(6,2,'已提交','2019-02-05 17:32:51'),(7,1,'交易完成','2019-02-05 17:42:52'),(8,8,'已提交','2019-02-05 18:11:17'),(9,1,'已提交','2019-02-05 18:12:40'),(11,1,'交易完成','2019-02-05 20:15:57'),(12,10,'已发货','2019-02-14 19:09:28'),(13,1,'已提交','2019-02-14 19:11:41'),(14,4,'已提交','2019-02-14 19:17:14'),(15,10,'已发货','2019-02-14 19:20:00'),(16,1,'交易完成','2019-02-17 15:03:33'),(17,1,'已发货','2019-02-24 10:18:12'),(18,1,'已提交','2019-02-24 10:24:14'),(19,11,'已提交','2019-02-25 22:34:53');

/*Table structure for table `product` */

DROP TABLE IF EXISTS `product`;

CREATE TABLE `product` (
  `pId` int(11) NOT NULL AUTO_INCREMENT,
  `pCode` varchar(16) DEFAULT NULL,
  `pName` varchar(255) DEFAULT NULL,
  `type` varchar(255) DEFAULT NULL,
  `picture` varchar(255) DEFAULT NULL,
  `number` int(11) DEFAULT NULL,
  `price` double DEFAULT NULL,
  `information` longtext DEFAULT NULL,
  `ad` varchar(255) DEFAULT NULL,
  `pFlag` int(11) DEFAULT NULL,
  PRIMARY KEY (`pId`)
) ENGINE=InnoDB AUTO_INCREMENT=50 DEFAULT CHARSET=utf8;

/*Data for the table `product` */

insert  into `product`(`pId`,`pCode`,`pName`,`type`,`picture`,`number`,`price`,`information`,`ad`,`pFlag`) values (1,'88068','爱维加玻璃 水晶 锌合金楼梯/拐角 高层/复式电镀美式简约吊灯','爱维加','\\Light\\product\\pimg\\aiweijia\\1\\1.jpg',20,7520,'<p><img src=\"/Light/product/pimg/aiweijia/1/2.jpg\" width=790px /></p>\r\n<p><img src=\"/Light/product/pimg/aiweijia/1/3.jpg\" width=790px /></p>\r\n<p><img src=\"/Light/product/pimg/aiweijia/1/4.jpg\" width=790px /></p>\r\n<p><img src=\"/Light/product/pimg/aiweijia/1/5.jpg\" width=790px /></p>\r\n<p><img src=\"/Light/product/pimg/aiweijia/1/6.jpg\" width=790px /></p>\r\n<p><img src=\"/Light/product/pimg/aiweijia/1/7.jpg\" width=790px /></p>\r\n<p><img src=\"/Light/product/pimg/aiweijia/1/8.jpg\" width=790px /></p>\r\n<p><img src=\"/Light/product/pimg/aiweijia/1/9.jpg\" width=790px /></p>\r\n<p><img src=\"/Light/product/pimg/aiweijia/1/10.jpg\" width=790px /></p>\r\n<p><img src=\"/Light/product/pimg/aiweijia/1/11.jpg\" width=790px /></p>','时尚的设计 精美混搭 欧美风格水晶吊灯',1),(2,'88035','爱维加玻璃 水晶 锌合金书房/卧室 餐厅电镀欧式吊灯','爱维加','\\Light\\product\\pimg\\aiweijia\\2\\1.jpg',220,1111,'<p><img src=\"/Light/product/pimg/aiweijia/2/2.jpg\" width=\"790px\"/></p><p><img src=\"/Light/product/pimg/aiweijia/2/3.jpg\" width=\"790px\"/></p><p><img src=\"/Light/product/pimg/aiweijia/2/4.jpg\" width=\"790px\"/></p><p><img src=\"/Light/product/pimg/aiweijia/2/5.jpg\" width=\"790px\"/></p><p><img src=\"/Light/product/pimg/aiweijia/2/6.jpg\" width=\"790px\"/></p><p><img src=\"/Light/product/pimg/aiweijia/2/7.jpg\" width=\"790px\"/></p><p><img src=\"/Light/product/pimg/aiweijia/2/8.jpg\" width=\"790px\"/></p><p><img src=\"/Light/product/pimg/aiweijia/2/9.jpg\" width=\"790px\"/></p><p><img src=\"/Light/product/pimg/aiweijia/2/10.jpg\" width=\"790px\"/></p><p><img src=\"/Light/product/pimg/aiweijia/2/11.jpg\" width=\"790px\"/></p>','精美水晶，让你享受经典生活',0),(3,'88106','爱维加铁艺 玻璃 水晶餐厅 书房/卧室电镀欧式吊灯','爱维加','\\Light\\product\\pimg\\aiweijia\\3\\1.jpg',50,528,'<p><img src=\"/Light/product/pimg/aiweijia/3/2.jpg\" width=\"790px\"/></p><p><img src=\"/Light/product/pimg/aiweijia/3/3.jpg\" width=\"790px\"/></p><p><img src=\"/Light/product/pimg/aiweijia/3/4.jpg\" width=\"790px\"/></p><p><img src=\"/Light/product/pimg/aiweijia/3/5.jpg\" width=\"790px\"/></p><p><img src=\"/Light/product/pimg/aiweijia/3/6.jpg\" width=\"790px\"/></p><p><img src=\"/Light/product/pimg/aiweijia/3/7.jpg\" width=\"790px\"/></p><p><img src=\"/Light/product/pimg/aiweijia/3/8.jpg\" width=\"790px\"/></p><p><img src=\"/Light/product/pimg/aiweijia/3/9.jpg\" width=\"790px\"/></p><p><img src=\"/Light/product/pimg/aiweijia/3/10.jpg\" width=\"790px\"/></p><p><img src=\"/Light/product/pimg/aiweijia/3/11.jpg\" width=\"790px\"/></p>','清新奢华欧式水晶吊灯',1),(4,'88101','爱维加铁艺 玻璃 水晶客厅 餐厅电镀现代简约吊灯','爱维加','\\Light\\product\\pimg\\aiweijia\\4\\1.jpg',55,912,'<p><img src=\"/Light/product/pimg/aiweijia/4/2.jpg\" width=790px /></p>\r\n<p><img src=\"/Light/product/pimg/aiweijia/4/3.jpg\" width=790px /></p>\r\n<p><img src=\"/Light/product/pimg/aiweijia/4/4.jpg\" width=790px /></p>\r\n<p><img src=\"/Light/product/pimg/aiweijia/4/5.jpg\" width=790px /></p>\r\n<p><img src=\"/Light/product/pimg/aiweijia/4/6.jpg\" width=790px /></p>\r\n<p><img src=\"/Light/product/pimg/aiweijia/4/7.jpg\" width=790px /></p>\r\n<p><img src=\"/Light/product/pimg/aiweijia/4/8.jpg\" width=790px /></p>\r\n<p><img src=\"/Light/product/pimg/aiweijia/4/9.jpg\" width=790px /></p>\r\n<p><img src=\"/Light/product/pimg/aiweijia/4/10.jpg\" width=790px /></p>\r\n<p><img src=\"/Light/product/pimg/aiweijia/4/11.jpg\" width=790px /></p>','轻奢 个性时尚 欧式简约现代 吊灯',1),(5,'88087','爱维加铁艺 水晶 布艺书房/卧室 餐厅电镀后现代吊灯','爱维加','\\Light\\product\\pimg\\aiweijia\\5\\1.jpg',7,410,'<p><img src=\"/Light/product/pimg/aiweijia/5/3.jpg\" width=790px /></p>\r\n<p><img src=\"/Light/product/pimg/aiweijia/5/4.jpg\" width=790px /></p>\r\n<p><img src=\"/Light/product/pimg/aiweijia/5/5.jpg\" width=790px /></p>\r\n<p><img src=\"/Light/product/pimg/aiweijia/5/6.jpg\" width=790px /></p>\r\n<p><img src=\"/Light/product/pimg/aiweijia/5/7.jpg\" width=790px /></p>\r\n<p><img src=\"/Light/product/pimg/aiweijia/5/8.jpg\" width=790px /></p>\r\n<p><img src=\"/Light/product/pimg/aiweijia/5/9.jpg\" width=790px /></p>\r\n<p><img src=\"/Light/product/pimg/aiweijia/5/10.jpg\" width=790px /></p>','后现代 简约现代 简约大方给你温馨的家',4),(6,'8062','阿斯法铝材书房/卧室 楼梯/拐角其他/other艺术个性吊灯','阿斯法`','\\Light\\product\\pimg\\asifa\\1\\1.jpg',185,21925,'<p><img src=\"/Light/product/pimg/asifa/1/2.jpg\" width=790px /></p>\r\n<p><img src=\"/Light/product/pimg/asifa/1/3.jpg\" width=790px /></p>\r\n<p><img src=\"/Light/product/pimg/asifa/1/4.jpg\" width=790px /></p>\r\n<p><img src=\"/Light/product/pimg/asifa/1/5.jpg\" width=790px /></p>\r\n<p><img src=\"/Light/product/pimg/asifa/1/6.jpg\" width=790px /></p>\r\n<p><img src=\"/Light/product/pimg/asifa/1/7.jpg\" width=790px /></p>\r\n<p><img src=\"/Light/product/pimg/asifa/1/8.jpg\" width=790px /></p>\r\n<p><img src=\"/Light/product/pimg/asifa/1/9.jpg\" width=790px /></p>\r\n<p><img src=\"/Light/product/pimg/asifa/1/10.jpg\" width=790px /></p>\r\n<p><img src=\"/Light/product/pimg/asifa/1/11.jpg\" width=790px /></p>\r\n<p><img src=\"/Light/product/pimg/asifa/1/12.jpg\" width=790px /></p>','多重工艺打造',1),(7,'9050','阿斯法铁艺 玻璃客厅 书房/卧室喷漆磨砂北欧\\宜家吸顶灯','阿斯法','\\Light\\product\\pimg\\asifa\\2\\1.jpg',3,555,'<p><img src=\"/Light/product/pimg/asifa/2/2.jpg\" width=790px /></p>\r\n<p><img src=\"/Light/product/pimg/asifa/2/3.jpg\" width=790px /></p>\r\n<p><img src=\"/Light/product/pimg/asifa/2/4.jpg\" width=790px /></p>\r\n<p><img src=\"/Light/product/pimg/asifa/2/5.jpg\" width=790px /></p>\r\n<p><img src=\"/Light/product/pimg/asifa/2/6.jpg\" width=790px /></p>\r\n<p><img src=\"/Light/product/pimg/asifa/2/7.jpg\" width=790px /></p>\r\n<p><img src=\"/Light/product/pimg/asifa/2/8.jpg\" width=790px /></p>\r\n<p><img src=\"/Light/product/pimg/asifa/2/9.jpg\" width=790px /></p>\r\n<p><img src=\"/Light/product/pimg/asifa/2/10.jpg\" width=790px /></p>\r\n<p><img src=\"/Light/product/pimg/asifa/2/11.jpg\" width=790px /></p>','高雅吉祥客厅灯',4),(8,'5006','阿斯法铁艺餐厅 别墅/酒店大堂喷漆磨砂北欧\\宜家吊灯','阿斯法','\\Light\\product\\pimg\\asifa\\3\\1.jpg',499,888,'<p><img src=\"/Light/product/pimg/asifa/3/2.jpg\" width=790px /></p>\r\n<p><img src=\"/Light/product/pimg/asifa/3/3.jpg\" width=790px /></p>\r\n<p><img src=\"/Light/product/pimg/asifa/3/4.jpg\" width=790px /></p>\r\n<p><img src=\"/Light/product/pimg/asifa/3/5.jpg\" width=790px /></p>\r\n<p><img src=\"/Light/product/pimg/asifa/3/6.jpg\" width=790px /></p>\r\n<p><img src=\"/Light/product/pimg/asifa/3/7.jpg\" width=790px /></p>\r\n<p><img src=\"/Light/product/pimg/asifa/3/8.jpg\" width=790px /></p>\r\n<p><img src=\"/Light/product/pimg/asifa/3/9.jpg\" width=790px /></p>\r\n<p><img src=\"/Light/product/pimg/asifa/3/10.jpg\" width=790px /></p>\r\n<p><img src=\"/Light/product/pimg/asifa/3/11.jpg\" width=790px /></p>\r\n<p><img src=\"/Light/product/pimg/asifa/3/12.jpg\" width=790px /></p>','E0级环保标准',4),(9,'2295','阿斯法铁艺餐厅 走廊/过道/玄关其他/other北欧\\宜家吊灯','阿斯法','\\Light\\product\\pimg\\asifa\\4\\1.jpg',83,794,'<p><img src=\"/Light/product/pimg/asifa/4/2.jpg\" width=790px /></p>\r\n<p><img src=\"/Light/product/pimg/asifa/4/3.jpg\" width=790px /></p>\r\n<p><img src=\"/Light/product/pimg/asifa/4/4.jpg\" width=790px /></p>\r\n<p><img src=\"/Light/product/pimg/asifa/4/5.jpg\" width=790px /></p>\r\n<p><img src=\"/Light/product/pimg/asifa/4/6.jpg\" width=790px /></p>\r\n<p><img src=\"/Light/product/pimg/asifa/4/7.jpg\" width=790px /></p>\r\n<p><img src=\"/Light/product/pimg/asifa/4/8.jpg\" width=790px /></p>\r\n<p><img src=\"/Light/product/pimg/asifa/4/9.jpg\" width=790px /></p>\r\n<p><img src=\"/Light/product/pimg/asifa/4/10.jpg\" width=790px /></p>\r\n<p><img src=\"/Light/product/pimg/asifa/4/11.jpg\" width=790px /></p>','专注细节，品质保障',4),(10,'2289','阿斯法铁艺书房/卧室 餐厅其他/other北欧\\宜家吊灯','阿斯法','\\Light\\product\\pimg\\asifa\\5\\1.jpg',33,1200,'<p><img src=\"/Light/product/pimg/asifa/5/2.jpg\" width=790px /></p>\r\n<p><img src=\"/Light/product/pimg/asifa/5/3.jpg\" width=790px /></p>\r\n<p><img src=\"/Light/product/pimg/asifa/5/4.jpg\" width=790px /></p>\r\n<p><img src=\"/Light/product/pimg/asifa/5/5.jpg\" width=790px /></p>\r\n<p><img src=\"/Light/product/pimg/asifa/5/6.jpg\" width=790px /></p>\r\n<p><img src=\"/Light/product/pimg/asifa/5/7.jpg\" width=790px /></p>','Quiet Night',4),(11,'9102','北鹿源铁艺 玻璃客厅 书房/卧室喷漆磨砂美式简约吸顶灯','北鹿源','\\Light\\product\\pimg\\bly\\1\\1.jpg',88,1199,'<p><img src=\"/Light/product/pimg/bly/1/2.jpg\" width=790px /></p>\r\n<p><img src=\"/Light/product/pimg/bly/1/3.jpg\" width=790px /></p>\r\n<p><img src=\"/Light/product/pimg/bly/1/4.jpg\" width=790px /></p>\r\n<p><img src=\"/Light/product/pimg/bly/1/5.jpg\" width=790px /></p>\r\n<p><img src=\"/Light/product/pimg/bly/1/6.jpg\" width=790px /></p>\r\n<p><img src=\"/Light/product/pimg/bly/1/7.jpg\" width=790px /></p>\r\n<p><img src=\"/Light/product/pimg/bly/1/8.jpg\" width=790px /></p>\r\n<p><img src=\"/Light/product/pimg/bly/1/9.jpg\" width=790px /></p>\r\n<p><img src=\"/Light/product/pimg/bly/1/10.jpg\" width=790px /></p>\r\n<p><img src=\"/Light/product/pimg/bly/1/11.jpg\" width=790px /></p>\r\n<p><img src=\"/Light/product/pimg/bly/1/12.jpg\" width=790px /></p>\r\n<p><img src=\"/Light/product/pimg/bly/1/13.jpg\" width=790px /></p>\r\n<p><img src=\"/Light/product/pimg/bly/1/14.jpg\" width=790px /></p>\r\n<p><img src=\"/Light/product/pimg/bly/1/15.jpg\" width=790px /></p>','追求精致，坚持手工',1),(12,'9098','北鹿源铁艺 玻璃客厅 书房/卧室喷漆磨砂田园台灯','北鹿源','\\Light\\product\\pimg\\bly\\2\\1.jpg',95,769,'<p><img src=\"/Light/product/pimg/bly/2/2.jpg\" width=790px /></p>\r\n<p><img src=\"/Light/product/pimg/bly/2/3.jpg\" width=790px /></p>\r\n<p><img src=\"/Light/product/pimg/bly/2/4.jpg\" width=790px /></p>\r\n<p><img src=\"/Light/product/pimg/bly/2/5.jpg\" width=790px /></p>\r\n<p><img src=\"/Light/product/pimg/bly/2/6.jpg\" width=790px /></p>\r\n<p><img src=\"/Light/product/pimg/bly/2/7.jpg\" width=790px /></p>\r\n<p><img src=\"/Light/product/pimg/bly/2/8.jpg\" width=790px /></p>\r\n<p><img src=\"/Light/product/pimg/bly/2/9.jpg\" width=790px /></p>\r\n<p><img src=\"/Light/product/pimg/bly/2/10.jpg\" width=790px /></p>\r\n<p><img src=\"/Light/product/pimg/bly/2/11.jpg\" width=790px /></p>\r\n<p><img src=\"/Light/product/pimg/bly/2/12.jpg\" width=790px /></p>\r\n<p><img src=\"/Light/product/pimg/bly/2/13.jpg\" width=790px /></p>','自然是灵感的源泉',2),(13,'8608','北鹿源铁艺 布艺 树脂客厅 别墅/酒店大堂喷漆磨砂美式乡村吊灯','北鹿源','\\Light\\product\\pimg\\bly\\3\\1.jpg',100,2461,'<p><img src=\"/Light/product/pimg/bly/3/2.jpg\" width=790px /></p>\r\n<p><img src=\"/Light/product/pimg/bly/3/3.jpg\" width=790px /></p>\r\n<p><img src=\"/Light/product/pimg/bly/3/4.jpg\" width=790px /></p>\r\n<p><img src=\"/Light/product/pimg/bly/3/5.jpg\" width=790px /></p>\r\n<p><img src=\"/Light/product/pimg/bly/3/6.jpg\" width=790px /></p>\r\n<p><img src=\"/Light/product/pimg/bly/3/7.jpg\" width=790px /></p>\r\n<p><img src=\"/Light/product/pimg/bly/3/8.jpg\" width=790px /></p>\r\n<p><img src=\"/Light/product/pimg/bly/3/9.jpg\" width=790px /></p>\r\n<p><img src=\"/Light/product/pimg/bly/3/10.jpg\" width=790px /></p>\r\n<p><img src=\"/Light/product/pimg/bly/3/11.jpg\" width=790px /></p>\r\n<p><img src=\"/Light/product/pimg/bly/3/12.jpg\" width=790px /></p>\r\n<p><img src=\"/Light/product/pimg/bly/3/13.jpg\" width=790px /></p>\r\n<p><img src=\"/Light/product/pimg/bly/3/14.jpg\" width=790px /></p>\r\n<p><img src=\"/Light/product/pimg/bly/3/15.jpg\" width=790px /></p>','精湛工艺，造型独特',3),(14,'8026','北鹿源铁艺 树脂客厅 别墅/酒店大堂雕刻美式乡村吊灯','北鹿源','\\Light\\product\\pimg\\bly\\4\\1.jpg',41,3140,'<p><img src=\"/Light/product/pimg/bly/4/2.jpg\" width=790px /></p>\r\n<p><img src=\"/Light/product/pimg/bly/4/3.jpg\" width=790px /></p>\r\n<p><img src=\"/Light/product/pimg/bly/4/4.jpg\" width=790px /></p>\r\n<p><img src=\"/Light/product/pimg/bly/4/5.jpg\" width=790px /></p>\r\n<p><img src=\"/Light/product/pimg/bly/4/6.jpg\" width=790px /></p>\r\n<p><img src=\"/Light/product/pimg/bly/4/7.jpg\" width=790px /></p>\r\n<p><img src=\"/Light/product/pimg/bly/4/8.jpg\" width=790px /></p>\r\n<p><img src=\"/Light/product/pimg/bly/4/9.jpg\" width=790px /></p>\r\n<p><img src=\"/Light/product/pimg/bly/4/10.jpg\" width=790px /></p>\r\n<p><img src=\"/Light/product/pimg/bly/4/11.jpg\" width=790px /></p>\r\n<p><img src=\"/Light/product/pimg/bly/4/12.jpg\" width=790px /></p>','匠心精神，始于设计',2),(15,'9018','北鹿源铁艺走廊/过道/玄关 楼梯/拐角热弯美式乡村吊灯','北鹿源','\\Light\\product\\pimg\\bly\\5\\1.jpg',888,660,'<p><img src=\"/Light/product/pimg/bly/5/2.jpg\" width=790px /></p>\r\n<p><img src=\"/Light/product/pimg/bly/5/3.jpg\" width=790px /></p>\r\n<p><img src=\"/Light/product/pimg/bly/5/4.jpg\" width=790px /></p>\r\n<p><img src=\"/Light/product/pimg/bly/5/5.jpg\" width=790px /></p>\r\n<p><img src=\"/Light/product/pimg/bly/5/6.jpg\" width=790px /></p>\r\n<p><img src=\"/Light/product/pimg/bly/5/7.jpg\" width=790px /></p>\r\n<p><img src=\"/Light/product/pimg/bly/5/8.jpg\" width=790px /></p>\r\n<p><img src=\"/Light/product/pimg/bly/5/9.jpg\" width=790px /></p>\r\n<p><img src=\"/Light/product/pimg/bly/5/10.jpg\" width=790px /></p>\r\n<p><img src=\"/Light/product/pimg/bly/5/11.jpg\" width=790px /></p>\r\n<p><img src=\"/Light/product/pimg/bly/5/12.jpg\" width=790px /></p>\r\n<p><img src=\"/Light/product/pimg/bly/5/13.jpg\" width=790px /></p>\r\n<p><img src=\"/Light/product/pimg/bly/5/14.jpg\" width=790px /></p>','原乡生活，演绎品质',2),(16,'9957','客厅/餐厅电镀现代简约智能灯/音乐灯','音乐灯','\\Light\\product\\pimg\\music\\1\\1.jpg',90,989,'<p><img src=\"/Light/product/pimg/music/1/2.jpg\" width=790px /></p>\r\n<p><img src=\"/Light/product/pimg/music/1/3.jpg\" width=790px /></p>\r\n<p><img src=\"/Light/product/pimg/music/1/4.jpg\" width=790px /></p>\r\n<p><img src=\"/Light/product/pimg/music/1/5.jpg\" width=790px /></p>\r\n<p><img src=\"/Light/product/pimg/music/1/6.jpg\" width=790px /></p>\r\n<p><img src=\"/Light/product/pimg/music/1/7.jpg\" width=790px /></p>\r\n<p><img src=\"/Light/product/pimg/music/1/8.jpg\" width=790px /></p>\r\n<p><img src=\"/Light/product/pimg/music/1/9.jpg\" width=790px /></p>\r\n<p><img src=\"/Light/product/pimg/music/1/10.jpg\" width=790px /></p>\r\n<p><img src=\"/Light/product/pimg/music/1/11.jpg\" width=790px /></p>\r\n<p><img src=\"/Light/product/pimg/music/1/12.jpg\" width=790px /></p>\r\n<p><img src=\"/Light/product/pimg/music/1/13.jpg\" width=790px /></p>\r\n<p><img src=\"/Light/product/pimg/music/1/14.jpg\" width=790px /></p>\r\n<p><img src=\"/Light/product/pimg/music/1/15.jpg\" width=790px /></p>\r\n<p><img src=\"/Light/product/pimg/music/1/16.jpg\" width=790px /></p>\r\n<p><img src=\"/Light/product/pimg/music/1/17.jpg\" width=790px /></p>\r\n<p><img src=\"/Light/product/pimg/music/1/18.jpg\" width=790px /></p>\r\n<p><img src=\"/Light/product/pimg/music/1/19.jpg\" width=790px /></p>\r\n<p><img src=\"/Light/product/pimg/music/1/20.jpg\" width=790px /></p>\r\n<p><img src=\"/Light/product/pimg/music/1/21.jpg\" width=790px /></p>\r\n<p><img src=\"/Light/product/pimg/music/1/22.jpg\" width=790px /></p>\r\n<p><img src=\"/Light/product/pimg/music/1/23.jpg\" width=790px /></p>\r\n<p><img src=\"/Light/product/pimg/music/1/24.jpg\" width=790px /></p>\r\n<p><img src=\"/Light/product/pimg/music/1/25.jpg\" width=790px /></p>','3D环绕，声光联动',2),(17,'8012','萤火光铁艺 亚克力客厅 书房/卧室 餐厅现代简约智能灯/音乐灯','音乐灯','\\Light\\product\\pimg\\music\\2\\1.jpg',144,206,'<p><img src=\"/Light/product/pimg/music/2/2.jpg\" width=790px /></p>\r\n<p><img src=\"/Light/product/pimg/music/2/3.jpg\" width=790px /></p>\r\n<p><img src=\"/Light/product/pimg/music/2/4.jpg\" width=790px /></p>\r\n<p><img src=\"/Light/product/pimg/music/2/5.jpg\" width=790px /></p>\r\n<p><img src=\"/Light/product/pimg/music/2/6.jpg\" width=790px /></p>\r\n<p><img src=\"/Light/product/pimg/music/2/7.jpg\" width=790px /></p>\r\n<p><img src=\"/Light/product/pimg/music/2/8.jpg\" width=790px /></p>\r\n<p><img src=\"/Light/product/pimg/music/2/9.jpg\" width=790px /></p>\r\n<p><img src=\"/Light/product/pimg/music/2/10.jpg\" width=790px /></p>\r\n<p><img src=\"/Light/product/pimg/music/2/11.jpg\" width=790px /></p>\r\n<p><img src=\"/Light/product/pimg/music/2/2.jpg\" width=790px /></p>\r\n<p><img src=\"/Light/product/pimg/music/2/3.jpg\" width=790px /></p>\r\n<p><img src=\"/Light/product/pimg/music/2/4.jpg\" width=790px /></p>\r\n<p><img src=\"/Light/product/pimg/music/2/5.jpg\" width=790px /></p>\r\n<p><img src=\"/Light/product/pimg/music/2/6.jpg\" width=790px /></p>\r\n<p><img src=\"/Light/product/pimg/music/2/7.jpg\" width=790px /></p>\r\n<p><img src=\"/Light/product/pimg/music/2/8.jpg\" width=790px /></p>\r\n<p><img src=\"/Light/product/pimg/music/2/9.jpg\" width=790px /></p>\r\n<p><img src=\"/Light/product/pimg/music/2/10.jpg\" width=790px /></p>\r\n<p><img src=\"/Light/product/pimg/music/2/11.jpg\" width=790px /></p>\r\n<p><img src=\"/Light/product/pimg/music/2/2.jpg\" width=790px /></p>\r\n<p><img src=\"/Light/product/pimg/music/2/3.jpg\" width=790px /></p>\r\n<p><img src=\"/Light/product/pimg/music/2/4.jpg\" width=790px /></p>\r\n<p><img src=\"/Light/product/pimg/music/2/5.jpg\" width=790px /></p>\r\n<p><img src=\"/Light/product/pimg/music/2/6.jpg\" width=790px /></p>\r\n<p><img src=\"/Light/product/pimg/music/2/7.jpg\" width=790px /></p>\r\n<p><img src=\"/Light/product/pimg/music/2/8.jpg\" width=790px /></p>\r\n<p><img src=\"/Light/product/pimg/music/2/9.jpg\" width=790px /></p>\r\n<p><img src=\"/Light/product/pimg/music/2/10.jpg\" width=790px /></p>\r\n<p><img src=\"/Light/product/pimg/music/2/11.jpg\" width=790px /></p>','彰显个性，紧跟潮流',0),(18,'8013','萤火光铁艺 亚克力客厅 书房/卧室 餐厅现代简约智能灯/音乐灯','音乐灯','\\Light\\product\\pimg\\music\\3\\1.jpg',61,631,'<p><img src=\"/Light/product/pimg/music/3/2.jpg\" width=790px /></p>\r\n<p><img src=\"/Light/product/pimg/music/3/3.jpg\" width=790px /></p>\r\n<p><img src=\"/Light/product/pimg/music/3/4.jpg\" width=790px /></p>\r\n<p><img src=\"/Light/product/pimg/music/3/5.jpg\" width=790px /></p>\r\n<p><img src=\"/Light/product/pimg/music/3/6.jpg\" width=790px /></p>\r\n<p><img src=\"/Light/product/pimg/music/3/7.jpg\" width=790px /></p>\r\n<p><img src=\"/Light/product/pimg/music/3/8.jpg\" width=790px /></p>\r\n<p><img src=\"/Light/product/pimg/music/3/9.jpg\" width=790px /></p>\r\n<p><img src=\"/Light/product/pimg/music/3/10.jpg\" width=790px /></p>\r\n<p><img src=\"/Light/product/pimg/music/3/11.jpg\" width=790px /></p>','智能无极调光调色',3),(19,'B210','121灯饰铁艺 亚克力书房/卧室 楼梯/拐角喷漆磨砂现代简约壁灯','壁灯','\\Light\\product\\pimg\\bd\\1\\1.jpg',70,214,'<p><img src=\"/Light/product/pimg/bd/1/2.jpg\" width=790px /></p>\r\n<p><img src=\"/Light/product/pimg/bd/1/3.jpg\" width=790px /></p>\r\n<p><img src=\"/Light/product/pimg/bd/1/4.jpg\" width=790px /></p>\r\n<p><img src=\"/Light/product/pimg/bd/1/5.jpg\" width=790px /></p>\r\n<p><img src=\"/Light/product/pimg/bd/1/6.jpg\" width=790px /></p>\r\n<p><img src=\"/Light/product/pimg/bd/1/7.jpg\" width=790px /></p>\r\n<p><img src=\"/Light/product/pimg/bd/1/8.jpg\" width=790px /></p>\r\n<p><img src=\"/Light/product/pimg/bd/1/9.jpg\" width=790px /></p>','与时光不期而遇',1),(20,'4001','广源木艺客厅 走廊/过道/玄关雕刻中式壁灯','壁灯','\\Light\\product\\pimg\\bd\\2\\1.jpg',27,150,'<p><img src=\"/Light/product/pimg/bd/2/2.jpg\" width=790px /></p>\r\n<p><img src=\"/Light/product/pimg/bd/2/3.jpg\" width=790px /></p>\r\n<p><img src=\"/Light/product/pimg/bd/2/4.jpg\" width=790px /></p>\r\n<p><img src=\"/Light/product/pimg/bd/2/5.jpg\" width=790px /></p>','东方国韵，壁不可少',5),(21,'2020','浩泉玻璃 水晶 锌合金 树脂走廊/过道/玄关 楼梯/拐角电镀欧式壁灯','壁灯','\\Light\\product\\pimg\\bd\\3\\1.jpg',39,429,'<p><img src=\"/Light/product/pimg/bd/3/2.jpg\" width=790px /></p>\r\n<p><img src=\"/Light/product/pimg/bd/3/3.jpg\" width=790px /></p>\r\n<p><img src=\"/Light/product/pimg/bd/3/4.jpg\" width=790px /></p>\r\n<p><img src=\"/Light/product/pimg/bd/3/5.jpg\" width=790px /></p>\r\n<p><img src=\"/Light/product/pimg/bd/3/6.jpg\" width=790px /></p>\r\n<p><img src=\"/Light/product/pimg/bd/3/7.jpg\" width=790px /></p>\r\n<p><img src=\"/Light/product/pimg/bd/3/8.jpg\" width=790px /></p>\r\n<p><img src=\"/Light/product/pimg/bd/3/9.jpg\" width=790px /></p>\r\n<p><img src=\"/Light/product/pimg/bd/3/10.jpg\" width=790px /></p>\r\n<p><img src=\"/Light/product/pimg/bd/3/11.jpg\" width=790px /></p>\r\n<p><img src=\"/Light/product/pimg/bd/3/12.jpg\" width=790px /></p>\r\n<p><img src=\"/Light/product/pimg/bd/3/13.jpg\" width=790px /></p>\r\n<p><img src=\"/Light/product/pimg/bd/3/14.jpg\" width=790px /></p>\r\n<p><img src=\"/Light/product/pimg/bd/3/15.jpg\" width=790px /></p>\r\n<p><img src=\"/Light/product/pimg/bd/3/16.jpg\" width=790px /></p>\r\n<p><img src=\"/Light/product/pimg/bd/3/17.jpg\" width=790px /></p>\r\n<p><img src=\"/Light/product/pimg/bd/3/18.jpg\" width=790px /></p>','水晶琉璃，现代奢华',5),(22,'1060','赫卡 玻璃 铜户外焊锡欧式壁灯','壁灯','\\Light\\product\\pimg\\bd\\4\\1.jpg',73,426,'<p><img src=\"/Light/product/pimg/bd/4/2.jpg\" width=790px /></p>\r\n<p><img src=\"/Light/product/pimg/bd/4/3.jpg\" width=790px /></p>\r\n<p><img src=\"/Light/product/pimg/bd/4/4.jpg\" width=790px /></p>\r\n<p><img src=\"/Light/product/pimg/bd/4/5.jpg\" width=790px /></p>\r\n<p><img src=\"/Light/product/pimg/bd/4/6.jpg\" width=790px /></p>\r\n<p><img src=\"/Light/product/pimg/bd/4/7.jpg\" width=790px /></p>\r\n<p><img src=\"/Light/product/pimg/bd/4/8.jpg\" width=790px /></p>\r\n<p><img src=\"/Light/product/pimg/bd/4/9.jpg\" width=790px /></p>\r\n<p><img src=\"/Light/product/pimg/bd/4/10.jpg\" width=790px /></p>\r\n<p><img src=\"/Light/product/pimg/bd/4/11.jpg\" width=790px /></p>\r\n<p><img src=\"/Light/product/pimg/bd/4/12.jpg\" width=790px /></p>\r\n<p><img src=\"/Light/product/pimg/bd/4/13.jpg\" width=790px /></p>','纯手工全铜打造',3),(23,'3806','帝盟家居铁艺 亚克力餐厅 书房/卧室现代简约吊灯','吊灯','\\Light\\product\\pimg\\dd\\1\\1.jpg',9,454,'<p><img src=\"/Light/product/pimg/dd/1/2.jpg\" width=790px /></p>\r\n<p><img src=\"/Light/product/pimg/dd/1/3.jpg\" width=790px /></p>\r\n<p><img src=\"/Light/product/pimg/dd/1/4.jpg\" width=790px /></p>\r\n<p><img src=\"/Light/product/pimg/dd/1/5.jpg\" width=790px /></p>\r\n<p><img src=\"/Light/product/pimg/dd/1/6.jpg\" width=790px /></p>\r\n<p><img src=\"/Light/product/pimg/dd/1/7.jpg\" width=790px /></p>','艺术点亮生活',0),(24,'8838','铜话灯饰玻璃 铜 玉石餐厅 书房/卧室锻打美式简约吊灯','吊灯','\\Light\\product\\pimg\\dd\\2\\1.jpg',6,5210,'<p><img src=\"/Light/product/pimg/dd/2/2.jpg\" width=790px /></p>\r\n<p><img src=\"/Light/product/pimg/dd/2/3.jpg\" width=790px /></p>\r\n<p><img src=\"/Light/product/pimg/dd/2/4.jpg\" width=790px /></p>\r\n<p><img src=\"/Light/product/pimg/dd/2/5.jpg\" width=790px /></p>\r\n<p><img src=\"/Light/product/pimg/dd/2/6.jpg\" width=790px /></p>\r\n<p><img src=\"/Light/product/pimg/dd/2/7.jpg\" width=790px /></p>\r\n<p><img src=\"/Light/product/pimg/dd/2/8.jpg\" width=790px /></p>\r\n<p><img src=\"/Light/product/pimg/dd/2/9.jpg\" width=790px /></p>\r\n<p><img src=\"/Light/product/pimg/dd/2/10.jpg\" width=790px /></p>\r\n<p><img src=\"/Light/product/pimg/dd/2/11.jpg\" width=790px /></p>\r\n<p><img src=\"/Light/product/pimg/dd/2/12.jpg\" width=790px /></p>','生活本该如此',0),(25,'6502','铜派铜客厅 书房/卧室拉丝垂吊新中式吊灯','吊灯','\\Light\\product\\pimg\\dd\\3\\1.jpg',17,4120,'<p><img src=\"/Light/product/pimg/dd/3/2.jpg\" width=790px /></p>\r\n<p><img src=\"/Light/product/pimg/dd/3/3.jpg\" width=790px /></p>\r\n<p><img src=\"/Light/product/pimg/dd/3/4.jpg\" width=790px /></p>\r\n<p><img src=\"/Light/product/pimg/dd/3/5.jpg\" width=790px /></p>\r\n<p><img src=\"/Light/product/pimg/dd/3/6.jpg\" width=790px /></p>\r\n<p><img src=\"/Light/product/pimg/dd/3/7.jpg\" width=790px /></p>\r\n<p><img src=\"/Light/product/pimg/dd/3/8.jpg\" width=790px /></p>\r\n<p><img src=\"/Light/product/pimg/dd/3/9.jpg\" width=790px /></p>\r\n<p><img src=\"/Light/product/pimg/dd/3/10.jpg\" width=790px /></p>\r\n<p><img src=\"/Light/product/pimg/dd/3/11.jpg\" width=790px /></p>','简约时尚百搭',0),(26,'10021','圆众铁艺 玻璃客厅 别墅/酒店大堂电镀后现代吊灯','吊灯','\\Light\\product\\pimg\\dd\\4\\1.jpg',67,3306,'<p><img src=\"/Light/product/pimg/dd/4/2.jpg\" width=790px /></p>\r\n<p><img src=\"/Light/product/pimg/dd/4/3.jpg\" width=790px /></p>\r\n<p><img src=\"/Light/product/pimg/dd/4/4.jpg\" width=790px /></p>\r\n<p><img src=\"/Light/product/pimg/dd/4/5.jpg\" width=790px /></p>\r\n<p><img src=\"/Light/product/pimg/dd/4/6.jpg\" width=790px /></p>\r\n<p><img src=\"/Light/product/pimg/dd/4/7.jpg\" width=790px /></p>\r\n<p><img src=\"/Light/product/pimg/dd/4/8.jpg\" width=790px /></p>\r\n<p><img src=\"/Light/product/pimg/dd/4/9.jpg\" width=790px /></p>\r\n<p><img src=\"/Light/product/pimg/dd/4/10.jpg\" width=790px /></p>','致尚至简，有品有味',0),(27,'1680','臻颖铁艺 玻璃餐厅 高层/复式 楼梯/拐角其他/other北欧\\宜家吊灯','吊灯','\\Light\\product\\pimg\\dd\\5\\1.jpg',50,754,'<p><img src=\"/Light/product/pimg/dd/5/2.jpg\" width=790px /></p>\r\n<p><img src=\"/Light/product/pimg/dd/5/3.jpg\" width=790px /></p>\r\n<p><img src=\"/Light/product/pimg/dd/5/4.jpg\" width=790px /></p>\r\n<p><img src=\"/Light/product/pimg/dd/5/5.jpg\" width=790px /></p>\r\n<p><img src=\"/Light/product/pimg/dd/5/6.jpg\" width=790px /></p>\r\n<p><img src=\"/Light/product/pimg/dd/5/7.jpg\" width=790px /></p>\r\n<p><img src=\"/Light/product/pimg/dd/5/8.jpg\" width=790px /></p>\r\n<p><img src=\"/Light/product/pimg/dd/5/9.jpg\" width=790px /></p>\r\n<p><img src=\"/Light/product/pimg/dd/5/10.jpg\" width=790px /></p>\r\n<p><img src=\"/Light/product/pimg/dd/5/11.jpg\" width=790px /></p>\r\n<p><img src=\"/Light/product/pimg/dd/5/12.jpg\" width=790px /></p>','折射梦幻光影',0),(28,'5444','后现代简约大气流苏咖啡厅灯具北欧客厅餐厅别墅艺术个性创意吊灯 ','后现代','\\Light\\product\\pimg\\hxd\\1\\1.jpg',312,555,'<p><img src=\"/Light/product/pimg/hxd/1/2.jpg\" width=790px /></p>\r\n<p><img src=\"/Light/product/pimg/hxd/1/3.jpg\" width=790px /></p>\r\n<p><img src=\"/Light/product/pimg/hxd/1/4.jpg\" width=790px /></p>\r\n<p><img src=\"/Light/product/pimg/hxd/1/5.jpg\" width=790px /></p>\r\n<p><img src=\"/Light/product/pimg/hxd/1/6.jpg\" width=790px /></p>\r\n<p><img src=\"/Light/product/pimg/hxd/1/7.jpg\" width=790px /></p>\r\n<p><img src=\"/Light/product/pimg/hxd/1/8.jpg\" width=790px /></p>\r\n<p><img src=\"/Light/product/pimg/hxd/1/9.jpg\" width=790px /></p>\r\n<p><img src=\"/Light/product/pimg/hxd/1/10.jpg\" width=790px /></p>\r\n<p><img src=\"/Light/product/pimg/hxd/1/11.jpg\" width=790px /></p>\r\n<p><img src=\"/Light/product/pimg/hxd/1/12.jpg\" width=790px /></p>\r\n<p><img src=\"/Light/product/pimg/hxd/1/13.jpg\" width=790px /></p>','浪漫流星雨',3),(29,'518','丽爵铁艺客厅 书房/卧室喷漆磨砂欧式吊灯','欧式','\\Light\\product\\pimg\\os\\1\\1.jpg',47,1355,'<p><img src=\"/Light/product/pimg/os/1/2.jpg\" width=790px /></p>\r\n<p><img src=\"/Light/product/pimg/os/1/3.jpg\" width=790px /></p>\r\n<p><img src=\"/Light/product/pimg/os/1/4.jpg\" width=790px /></p>\r\n<p><img src=\"/Light/product/pimg/os/1/5.jpg\" width=790px /></p>\r\n<p><img src=\"/Light/product/pimg/os/1/6.jpg\" width=790px /></p>\r\n<p><img src=\"/Light/product/pimg/os/1/7.jpg\" width=790px /></p>\r\n<p><img src=\"/Light/product/pimg/os/1/8.jpg\" width=790px /></p>\r\n<p><img src=\"/Light/product/pimg/os/1/9.jpg\" width=790px /></p>\r\n<p><img src=\"/Light/product/pimg/os/1/10.jpg\" width=790px /></p>\r\n<p><img src=\"/Light/product/pimg/os/1/11.jpg\" width=790px /></p>\r\n<p><img src=\"/Light/product/pimg/os/1/12.jpg\" width=790px /></p>\r\n<p><img src=\"/Light/product/pimg/os/1/13.jpg\" width=790px /></p>\r\n<p><img src=\"/Light/product/pimg/os/1/14.jpg\" width=790px /></p>\r\n<p><img src=\"/Light/product/pimg/os/1/15.jpg\" width=790px /></p>\r\n<p><img src=\"/Light/product/pimg/os/1/16.jpg\" width=790px /></p>','潮是我的风格',4),(30,'3805','盛世美域铜 云石书房/卧室 餐厅雕刻欧式吊灯','欧式','\\Light\\product\\pimg\\os\\2\\1.jpg',621,7412,'<p><img src=\"/Light/product/pimg/os/2/2.jpg\" width=790px /></p>\r\n<p><img src=\"/Light/product/pimg/os/2/3.jpg\" width=790px /></p>\r\n<p><img src=\"/Light/product/pimg/os/2/4.jpg\" width=790px /></p>\r\n<p><img src=\"/Light/product/pimg/os/2/5.jpg\" width=790px /></p>\r\n<p><img src=\"/Light/product/pimg/os/2/6.jpg\" width=790px /></p>\r\n<p><img src=\"/Light/product/pimg/os/2/7.jpg\" width=790px /></p>\r\n<p><img src=\"/Light/product/pimg/os/2/8.jpg\" width=790px /></p>\r\n<p><img src=\"/Light/product/pimg/os/2/9.jpg\" width=790px /></p>\r\n<p><img src=\"/Light/product/pimg/os/2/10.jpg\" width=790px /></p>','贵族皇室新宠',2),(31,'1842','灯冠铁艺 亚克力书房/卧室 餐厅喷漆磨砂现代简约吸顶灯','吸顶灯','\\Light\\product\\pimg\\xdd\\1\\1.jpg',36,415,'<p><img src=\"/Light/product/pimg/xdd/1/2.jpg\" width=790px /></p>\r\n<p><img src=\"/Light/product/pimg/xdd/1/3.jpg\" width=790px /></p>\r\n<p><img src=\"/Light/product/pimg/xdd/1/4.jpg\" width=790px /></p>\r\n<p><img src=\"/Light/product/pimg/xdd/1/5.jpg\" width=790px /></p>\r\n<p><img src=\"/Light/product/pimg/xdd/1/6.jpg\" width=790px /></p>\r\n<p><img src=\"/Light/product/pimg/xdd/1/7.jpg\" width=790px /></p>\r\n<p><img src=\"/Light/product/pimg/xdd/1/8.jpg\" width=790px /></p>\r\n<p><img src=\"/Light/product/pimg/xdd/1/9.jpg\" width=790px /></p>\r\n<p><img src=\"/Light/product/pimg/xdd/1/10.jpg\" width=790px /></p>\r\n<p><img src=\"/Light/product/pimg/xdd/1/11.jpg\" width=790px /></p>\r\n<p><img src=\"/Light/product/pimg/xdd/1/12.jpg\" width=790px /></p>\r\n<p><img src=\"/Light/product/pimg/xdd/1/13.jpg\" width=790px /></p>','2018专利新品',2),(32,'9001','灯庭铁艺书房/卧室 儿童房喷漆磨砂现代简约吸顶灯','吸顶灯','\\Light\\product\\pimg\\xdd\\2\\1.jpg',55,365,'<p><img src=\"/Light/product/pimg/xdd/2/2.jpg\" width=790px /></p>\r\n<p><img src=\"/Light/product/pimg/xdd/2/3.jpg\" width=790px /></p>\r\n<p><img src=\"/Light/product/pimg/xdd/2/4.jpg\" width=790px /></p>\r\n<p><img src=\"/Light/product/pimg/xdd/2/5.jpg\" width=790px /></p>','唯美时尚简约',3),(33,'1213','卡梵淇玻璃 水晶 不锈钢书房/卧室 餐厅电动冲孔现代简约吸顶灯','吸顶灯','\\Light\\product\\pimg\\xdd\\3\\1.jpg',23,857,'<p><img src=\"/Light/product/pimg/xdd/3/2.jpg\" width=790px /></p>\r\n<p><img src=\"/Light/product/pimg/xdd/3/3.jpg\" width=790px /></p>\r\n<p><img src=\"/Light/product/pimg/xdd/3/4.jpg\" width=790px /></p>\r\n<p><img src=\"/Light/product/pimg/xdd/3/5.jpg\" width=790px /></p>\r\n<p><img src=\"/Light/product/pimg/xdd/3/6.jpg\" width=790px /></p>\r\n<p><img src=\"/Light/product/pimg/xdd/3/7.jpg\" width=790px /></p>\r\n<p><img src=\"/Light/product/pimg/xdd/3/8.jpg\" width=790px /></p>\r\n<p><img src=\"/Light/product/pimg/xdd/3/9.jpg\" width=790px /></p>\r\n<p><img src=\"/Light/product/pimg/xdd/3/10.jpg\" width=790px /></p>\r\n<p><img src=\"/Light/product/pimg/xdd/3/11.jpg\" width=790px /></p>\r\n<p><img src=\"/Light/product/pimg/xdd/3/12.jpg\" width=790px /></p>\r\n<p><img src=\"/Light/product/pimg/xdd/3/13.jpg\" width=790px /></p>\r\n<p><img src=\"/Light/product/pimg/xdd/3/14.jpg\" width=790px /></p>\r\n<p><img src=\"/Light/product/pimg/xdd/3/15.jpg\" width=790px /></p>\r\n<p><img src=\"/Light/product/pimg/xdd/3/16.jpg\" width=790px /></p>','时尚黑玻璃吸顶灯',0),(34,'1605','皇珑灯饰铁艺 亚克力客厅 高层/复式其他/other后现代吊灯','后现代','\\Light\\product\\pimg\\hxd\\2\\1.jpg',74,2541,'<p><img src=\"/Light/product/pimg/hxd/2/2.jpg\" width=790px /></p>\r\n<p><img src=\"/Light/product/pimg/hxd/2/3.jpg\" width=790px /></p>\r\n<p><img src=\"/Light/product/pimg/hxd/2/4.jpg\" width=790px /></p>\r\n<p><img src=\"/Light/product/pimg/hxd/2/5.jpg\" width=790px /></p>\r\n<p><img src=\"/Light/product/pimg/hxd/2/6.jpg\" width=790px /></p>\r\n<p><img src=\"/Light/product/pimg/hxd/2/7.jpg\" width=790px /></p>\r\n<p><img src=\"/Light/product/pimg/hxd/2/8.jpg\" width=790px /></p>\r\n<p><img src=\"/Light/product/pimg/hxd/2/9.jpg\" width=790px /></p>\r\n<p><img src=\"/Light/product/pimg/hxd/2/10.jpg\" width=790px /></p>\r\n<p><img src=\"/Light/product/pimg/hxd/2/11.jpg\" width=790px /></p>\r\n<p><img src=\"/Light/product/pimg/hxd/2/12.jpg\" width=790px /></p>','创意家居，优雅照明',3),(35,'9007','木之恋铁艺 木艺客厅 别墅/酒店大堂喷漆磨砂北欧\\宜家吊灯','木艺','\\Light\\product\\pimg\\my\\1\\1.jpg',241,4175,'<p><img src=\"/Light/product/pimg/my/1/2.jpg\" width=790px /></p>\r\n<p><img src=\"/Light/product/pimg/my/1/3.jpg\" width=790px /></p>\r\n<p><img src=\"/Light/product/pimg/my/1/4.jpg\" width=790px /></p>\r\n<p><img src=\"/Light/product/pimg/my/1/5.jpg\" width=790px /></p>\r\n<p><img src=\"/Light/product/pimg/my/1/6.jpg\" width=790px /></p>\r\n<p><img src=\"/Light/product/pimg/my/1/7.jpg\" width=790px /></p>\r\n<p><img src=\"/Light/product/pimg/my/1/8.jpg\" width=790px /></p>\r\n<p><img src=\"/Light/product/pimg/my/1/9.jpg\" width=790px /></p>\r\n<p><img src=\"/Light/product/pimg/my/1/10.jpg\" width=790px /></p>\r\n<p><img src=\"/Light/product/pimg/my/1/11.jpg\" width=790px /></p>\r\n<p><img src=\"/Light/product/pimg/my/1/12.jpg\" width=790px /></p>\r\n<p><img src=\"/Light/product/pimg/my/1/13.jpg\" width=790px /></p>','零距离亲临原生态',5),(36,'6522','艺森木艺 仿羊皮餐厅 别墅/酒店大堂雕刻中式吊灯','木艺','\\Light\\product\\pimg\\my\\2\\1.jpg',65,2230,'<p><img src=\"/Light/product/pimg/my/2/2.jpg\" width=790px /></p>\r\n<p><img src=\"/Light/product/pimg/my/2/3.jpg\" width=790px /></p>\r\n<p><img src=\"/Light/product/pimg/my/2/4.jpg\" width=790px /></p>\r\n<p><img src=\"/Light/product/pimg/my/2/5.jpg\" width=790px /></p>\r\n<p><img src=\"/Light/product/pimg/my/2/6.jpg\" width=790px /></p>\r\n<p><img src=\"/Light/product/pimg/my/2/7.jpg\" width=790px /></p>\r\n<p><img src=\"/Light/product/pimg/my/2/8.jpg\" width=790px /></p>\r\n<p><img src=\"/Light/product/pimg/my/2/9.jpg\" width=790px /></p>\r\n<p><img src=\"/Light/product/pimg/my/2/10.jpg\" width=790px /></p>\r\n<p><img src=\"/Light/product/pimg/my/2/11.jpg\" width=790px /></p>\r\n<p><img src=\"/Light/product/pimg/my/2/12.jpg\" width=790px /></p>\r\n<p><img src=\"/Light/product/pimg/my/2/13.jpg\" width=790px /></p>\r\n<p><img src=\"/Light/product/pimg/my/2/14.jpg\" width=790px /></p>\r\n<p><img src=\"/Light/product/pimg/my/2/15.jpg\" width=790px /></p>\r\n<p><img src=\"/Light/product/pimg/my/2/16.jpg\" width=790px /></p>\r\n<p><img src=\"/Light/product/pimg/my/2/17.jpg\" width=790px /></p>\r\n<p><img src=\"/Light/product/pimg/my/2/18.jpg\" width=790px /></p>\r\n<p><img src=\"/Light/product/pimg/my/2/19.jpg\" width=790px /></p>','传承华夏',5),(37,'5811','朵艺铁艺 玻璃书房/卧室 儿童房热弯艺术个性吸顶灯 ','艺术个性','\\Light\\product\\pimg\\ys\\1\\1.jpg',36,542,'<p><img src=\"/Light/product/pimg/ys/1/2.gif\" width=790px /></p>\r\n<p><img src=\"/Light/product/pimg/ys/1/3.jpg\" width=790px /></p>\r\n<p><img src=\"/Light/product/pimg/ys/1/4.jpg\" width=790px /></p>\r\n<p><img src=\"/Light/product/pimg/ys/1/5.jpg\" width=790px /></p>\r\n<p><img src=\"/Light/product/pimg/ys/1/6.jpg\" width=790px /></p>\r\n<p><img src=\"/Light/product/pimg/ys/1/7.jpg\" width=790px /></p>\r\n<p><img src=\"/Light/product/pimg/ys/1/8.jpg\" width=790px /></p>\r\n<p><img src=\"/Light/product/pimg/ys/1/9.jpg\" width=790px /></p>\r\n<p><img src=\"/Light/product/pimg/ys/1/10.jpg\" width=790px /></p>\r\n<p><img src=\"/Light/product/pimg/ys/1/11.jpg\" width=790px /></p>\r\n<p><img src=\"/Light/product/pimg/ys/1/12.jpg\" width=790px /></p>\r\n<p><img src=\"/Light/product/pimg/ys/1/13.jpg\" width=790px /></p>\r\n<p><img src=\"/Light/product/pimg/ys/1/14.jpg\" width=790px /></p>','绚丽孔雀开屏',0),(38,'4115','灯将军水晶 铁艺 不锈钢高层/复式 别墅/酒店大堂电动冲孔艺术个性吸顶灯','艺术个性','\\Light\\product\\pimg\\ys\\2\\1.jpg',63,62592,'<p><img src=\"/Light/product/pimg/ys/2/2.jpg\" width=\"790px\"/></p><p><img src=\"/Light/product/pimg/ys/2/3.jpg\" width=\"790px\"/></p><p><img src=\"/Light/product/pimg/ys/2/4.jpg\" width=\"790px\"/></p><p><img src=\"/Light/product/pimg/ys/2/5.jpg\" width=\"790px\"/></p><p><img src=\"/Light/product/pimg/ys/2/6.jpg\" width=\"790px\"/></p><p><img src=\"/Light/product/pimg/ys/2/7.jpg\" width=\"790px\"/></p><p><img src=\"/Light/product/pimg/ys/2/8.jpg\" width=\"790px\"/></p><p><img src=\"/Light/product/pimg/ys/2/9.jpg\" width=\"790px\"/></p><p><img src=\"/Light/product/pimg/ys/2/10.jpg\" width=\"790px\"/></p><p><img src=\"/Light/product/pimg/ys/2/11.jpg\" width=\"790px\"/></p><p><img src=\"/Light/product/pimg/ys/2/12.jpg\" width=\"790px\"/></p><p><img src=\"/Light/product/pimg/ys/2/13.jpg\" width=\"790px\"/></p><p><img src=\"/Light/product/pimg/ys/2/14.jpg\" width=\"790px\"/></p><p><img src=\"/Light/product/pimg/ys/2/15.jpg\" width=\"790px\"/></p><p><img src=\"/Light/product/pimg/ys/2/16.jpg\" width=\"790px\"/></p><p><img src=\"/Light/product/pimg/ys/2/17.jpg\" width=\"790px\"/></p>','工程水晶灯',0),(39,'1191','乔木森木艺 仿羊皮餐厅 走廊/过道/玄关镂空雕花中式吊灯','中式','\\Light\\product\\pimg\\zs\\1\\1.jpg',15,189,'<p><img src=\"/Light/product/pimg/zs/1/2.jpg\" width=790px /></p>\r\n<p><img src=\"/Light/product/pimg/zs/1/3.jpg\" width=790px /></p>\r\n<p><img src=\"/Light/product/pimg/zs/1/4.jpg\" width=790px /></p>\r\n<p><img src=\"/Light/product/pimg/zs/1/5.jpg\" width=790px /></p>\r\n<p><img src=\"/Light/product/pimg/zs/1/6.jpg\" width=790px /></p>\r\n<p><img src=\"/Light/product/pimg/zs/1/7.jpg\" width=790px /></p>\r\n<p><img src=\"/Light/product/pimg/zs/1/8.jpg\" width=790px /></p>\r\n<p><img src=\"/Light/product/pimg/zs/1/9.jpg\" width=790px /></p>\r\n<p><img src=\"/Light/product/pimg/zs/1/10.jpg\" width=790px /></p>\r\n<p><img src=\"/Light/product/pimg/zs/1/11.jpg\" width=790px /></p>\r\n<p><img src=\"/Light/product/pimg/zs/1/12.jpg\" width=790px /></p>\r\n<p><img src=\"/Light/product/pimg/zs/1/13.jpg\" width=790px /></p>\r\n<p><img src=\"/Light/product/pimg/zs/1/14.jpg\" width=790px /></p>\r\n<p><img src=\"/Light/product/pimg/zs/1/15.jpg\" width=790px /></p>\r\n<p><img src=\"/Light/product/pimg/zs/1/16.jpg\" width=790px /></p>\r\n<p><img src=\"/Light/product/pimg/zs/1/17.jpg\" width=790px /></p>\r\n<p><img src=\"/Light/product/pimg/zs/1/18.jpg\" width=790px /></p>\r\n<p><img src=\"/Light/product/pimg/zs/1/19.jpg\" width=790px /></p>\r\n<p><img src=\"/Light/product/pimg/zs/1/20.jpg\" width=790px /></p>','绽放艺术灯饰光芒',5),(40,'4414','忆古木艺书房/卧室 餐厅雕刻中式吊灯','中式','\\Light\\product\\pimg\\zs\\2\\1.jpg',254,452,'<p><img src=\"/Light/product/pimg/zs/2/2.jpg\" width=790px /></p>\r\n<p><img src=\"/Light/product/pimg/zs/2/3.jpg\" width=790px /></p>\r\n<p><img src=\"/Light/product/pimg/zs/2/4.jpg\" width=790px /></p>\r\n<p><img src=\"/Light/product/pimg/zs/2/5.jpg\" width=790px /></p>\r\n<p><img src=\"/Light/product/pimg/zs/2/6.jpg\" width=790px /></p>\r\n<p><img src=\"/Light/product/pimg/zs/2/7.jpg\" width=790px /></p>\r\n<p><img src=\"/Light/product/pimg/zs/2/8.jpg\" width=790px /></p>\r\n<p><img src=\"/Light/product/pimg/zs/2/9.jpg\" width=790px /></p>\r\n<p><img src=\"/Light/product/pimg/zs/2/10.jpg\" width=790px /></p>\r\n<p><img src=\"/Light/product/pimg/zs/2/11.jpg\" width=790px /></p>\r\n<p><img src=\"/Light/product/pimg/zs/2/12.jpg\" width=790px /></p>\r\n<p><img src=\"/Light/product/pimg/zs/2/13.jpg\" width=790px /></p>\r\n<p><img src=\"/Light/product/pimg/zs/2/14.jpg\" width=790px /></p>\r\n<p><img src=\"/Light/product/pimg/zs/2/15.jpg\" width=790px /></p>','国色天香',5),(49,'A2015','音乐灯','壁灯','/product/pimg/1.jpg',25,635,'<p>详细内容</p>','随心而动',0);

/*Table structure for table `user` */

DROP TABLE IF EXISTS `user`;

CREATE TABLE `user` (
  `id` int(11) NOT NULL AUTO_INCREMENT,
  `username` varchar(50) DEFAULT NULL,
  `password` varchar(50) DEFAULT NULL,
  `realName` varchar(50) DEFAULT NULL,
  `sex` varchar(25) DEFAULT NULL,
  `telephone` varchar(11) DEFAULT NULL,
  `address` varchar(100) DEFAULT NULL,
  `email` varchar(50) DEFAULT NULL,
  PRIMARY KEY (`id`)
) ENGINE=InnoDB AUTO_INCREMENT=15 DEFAULT CHARSET=utf8;

/*Data for the table `user` */

insert  into `user`(`id`,`username`,`password`,`realName`,`sex`,`telephone`,`address`,`email`) values (1,'杨萍','161426','杨萍','女','18337193650','河南省郑州市巩义市紫荆路136号','2446232844@qq.com'),(2,'张三三','123456','张三','男','0371-365024','河南省南阳市内乡县','2541253@163.com'),(4,'浮生若梦','654321','张旺','男','18874857452','湖北省武汉市','87458755@qq.com'),(8,'张亚欣','805703','张亚欣','女','15514551528','河南省商丘市','385846426@qq.com'),(10,'我的梦','zhangliangying','王五','男','13836540245','广东省汕头市','99857452@qq.com'),(11,'张三丰','698455','张三丰','女','12345678910','河南省南阳市','254254152@163.com');

/*!40101 SET SQL_MODE=@OLD_SQL_MODE */;
/*!40014 SET FOREIGN_KEY_CHECKS=@OLD_FOREIGN_KEY_CHECKS */;
/*!40014 SET UNIQUE_CHECKS=@OLD_UNIQUE_CHECKS */;
/*!40111 SET SQL_NOTES=@OLD_SQL_NOTES */;
